{
  "strategy_id": "bb_mean_reversion",
  "feature_count": 129,
  "trade_rows": 4322,
  "output_rows": 4322,
  "win_rate": 0.41624248033317907,
  "avg_net_r": -0.11555838779363753
}